apps,Iteration turn,Denser_Summary,Missing_Entities,pos_ents,neg_ents,neu_ents,#pos_ents,#neg_ents,#neu_ents,#entities,entity density,#raw_tokens,#tokens
bumble,1,"This application, known as Bumble, has been the subject of various discussions where users have articulated their perspectives on several aspects of its functionality and overall user experience. Some individuals have expressed their dissatisfaction with the cost associated with the subscription model, which they find to be prohibitively expensive. Others have raised concerns about the moderation of photos, suggesting that there may be inconsistencies in how the app's policies are applied. Additionally, there are mentions of encounters with fake profiles, which has caused some discomfort among the user base. These elements collectively contribute to a nuanced view of the app's performance.",expensive subscription;photo moderation;fake profiles,,cost associated with the subscription model;moderation of photos;fake profiles,,0,3,0,3,0.0297029702970297,114,101
bumble,2,"Bumble's users report mixed experiences, highlighting issues like the app's costly subscription and inconsistent photo moderation that sometimes targets certain content or demographics. Users also criticize the limited number of free swipes allowed, constraining their ability to engage with potential matches. The app's gender options have come under scrutiny for not being inclusive or flexible enough to accommodate all users' identities. Moreover, customer service interactions are described as unhelpful, with reports of unresolved issues and lack of proper communication from support staff.",gender options;limited swipes;customer service,,costly subscription;photo moderation;limited number of free swipes;app's gender options;customer service,,0,5,0,5,0.06097560975609756,94,82
bumble,3,"Bumble's user experience is marred by an expensive subscription fee, stringent photo moderation, and a restrictive match algorithm that seems to bury profiles, leading to fewer matches. The app's limited swipes and inadequate gender options add to user frustrations, while poor customer service exacerbates the situation. Additionally, users are annoyed by frequent notification spam, which often leads to disappointment when revealed to be in-app promotions rather than genuine interactions, further detracting from the overall satisfaction with the dating platform.",match algorithm;notification spam,,subscription fee;photo moderation;restrictive match algorithm that seems to bury profiles;app's limited swipes;gender options;customer service;notification spam,,0,7,0,7,0.0875,91,80
bumble,4,"Critiques of Bumble focus on its costly subscription, strict photo moderation, and an opaque match algorithm that limits connections. Users are frustrated by the limited swipes, insufficient gender options, and a customer service that fails to address concerns. The app's notification system is criticized for spamming users with irrelevant alerts. Furthermore, the user interface is reported to have sensitivity issues that lead to unintended swipes, and some users feel the app pushes a political agenda, which they find intrusive and unnecessary in a dating platform context.",user interface issues;political agenda,,costly subscription;photo moderation;opaque match algorithm;limited swipes;gender options;app's notification system;sensitivity issues that lead to unintended swipes;pushes a political agenda;customer service,,0,9,0,9,0.10465116279069768,98,86
bumble,5,"Bumble's reviews reveal dissatisfaction with high subscription costs, inconsistent photo moderation, and a match algorithm that hinders genuine connections. Users lament limited swipes, poor customer service, spammy notifications, and user interface glitches causing accidental swipes. There are also safety concerns due to encounters with fake profiles and a perceived political agenda pushed by the app. Moreover, users report sudden account bans without clear explanations or avenues for appeal, raising questions about transparency and fairness in the app's governance.",safety concerns;account bans,,subscription costs;photo moderation;match algorithm;limited swipes;customer service;spammy notifications;interface glitches;accidental swipes;fake profiles;perceived political agenda pushed by the app;sudden account bans without clear explanations;avenues for appeal,,0,12,0,12,0.15384615384615385,91,78
tinder,1,"The application, known as Tinder, seems to have a significant number of individuals expressing dissatisfaction regarding various aspects of its functionality. Some users report unexpected account bans without clear explanations or a transparent appeal process. Others mention encountering fake profiles, which can be frustrating for those seeking genuine connections. Additionally, there are mentions of the subscription services being quite expensive, which may not align with the value received. Moreover, the customer service is described as poor, with a lack of timely and helpful responses to user inquiries and concerns.",account bans;fake profiles;expensive subscriptions;poor customer service,,transparent appeal process;account bans without clear explanations;subscription services being quite expensive;customer service;fake profiles,,0,5,0,5,0.056179775280898875,101,89
tinder,2,"Users of the Tinder app report a multitude of issues including sudden account bans and a prevalence of fake profiles that hinder the search for real connections. Many users experience receiving no matches, suggesting potential algorithm issues that affect visibility and match rates. Complaints about expensive subscriptions surface, with users feeling the cost is not justified by the app's performance. Glitches and technical problems are common grievances, alongside encounters with bots and scammers, further diminishing user experience. Customer service is criticized for its inadequacy in addressing these problems effectively.",no matches;glitches;bots/scammers;algorithm issues,,account bans;fake profiles;expensive subscriptions;Glitches and technical problems;bots;scammers;Customer service;visibility;match rates,,0,9,0,9,0.10112359550561797,99,89
tinder,3,"Tinder users face issues like unexplained account bans, fake profiles, and no matches, possibly due to flawed algorithms. The app's expensive subscriptions and glitches contribute to user frustration, as do frequent encounters with bots and scammers. Deceptive marketing tactics are called out, with users feeling misled by the app's promotional strategies. Concerns over data privacy emerge, questioning the security of personal information. The app limits swipes for non-paying users and often shows potential matches with inaccurate distances, complicating the dating process. Poor customer service exacerbates these issues, offering little resolution.",deceptive marketing;data privacy concerns;limited swipes;inaccurate distances,,unexplained account bans;fake profiles;no matches;expensive subscriptions;glitches;bots;scammers;app's promotional strategies;security of personal information;swipes for non-paying users;potential matches with inaccurate distances;customer service,,0,12,0,12,0.13186813186813187,106,91
tinder,4,"Tinder's operational woes include arbitrary account bans, an influx of fake profiles, no match scenarios, and an algorithm that may unfairly prioritize paid accounts. Users criticize the app for deceptive marketing and data privacy issues, while limited swipes and inaccurate distances hinder effective matching. Reports of transphobia and non-binary user issues suggest a lack of inclusivity. Some users encounter harassment and unwanted sexual content solicitation, raising safety concerns. The app's glitches and bot-laden landscape are compounded by customer service that fails to provide adequate support or address these multifaceted problems.",transphobia accusations;non-binary user issues;harassment reports;sexual content solicitation,,arbitrary account bans;fake profiles;no match scenarios;prioritize paid accounts;deceptive marketing;data privacy issues;limited swipes;inaccurate distances;Reports of transphobia and non-binary;harassment and unwanted sexual content solicitation;app's glitches;bot-laden landscape;customer service,,0,13,0,13,0.14130434782608695,102,92
tinder,5,"Tinder is plagued by systemic problems: unwarranted account bans, rampant fake profiles, an algorithm favoring paid users resulting in scarce matches for others, and glitches. Users decry overpriced features that don't deliver results and misleading notifications that exploit psychological vulnerabilities. Inclusivity concerns arise from transphobia accusations and non-binary user issues, while reports of harassment and sexual content solicitation underscore safety issues. Limited swipes, inaccurate distances, deceptive marketing practices, data privacy concerns, and poor customer service exacerbate user dissatisfaction with this dating platform.",inclusivity concerns;safety issues;misleading notifications;overpriced features,,unwarranted account bans;fake profiles;algorithm favoring paid users;overpriced features;misleading notifications;transphobia accusations and non-binary user issues;harassment and sexual content solicitation;Limited swipes;inaccurate distances;deceptive marketing practices;data privacy concerns;customer service;glitches,,0,13,0,13,0.1566265060240964,96,83
robinhood,1,"The Robinhood app, a platform designed to democratize the investing experience for the average person, has been met with a variety of user concerns. Some users report deposit issues, where funds are not transferred promptly, causing frustration and missed investment opportunities. Others highlight a lack of responsive customer service, making it difficult to resolve such issues. Features like instant deposits are praised for their convenience, yet when problems arise, users feel unsupported. Additionally, the app's crypto trading capability is a draw for many, but the execution of trades during high-volume periods and the lack of wallet functionality leave users wanting more.",deposit issues;customer service;instant deposits;crypto trading,instant deposits;app's crypto trading capability,"deposit issues,;customer service;execution of trades during high-volume periods;wallet functionality",,2,4,0,6,0.058823529411764705,116,102
robinhood,2,"Users appreciate Robinhood's user interface for its simplicity and educational resources that aid investment decisions. However, they criticize the app for perceived market manipulation during high-profile stock events, claiming it protects institutional interests over retail investors. Concerns about withdrawal restrictions echo frustrations with deposit issues, as users struggle to access funds. The customer service's inability to swiftly address these financial and technical problems exacerbates user dissatisfaction. While instant deposits enhance the trading experience, the lack of reliable crypto trading during peak times undermines the feature's potential benefits.",market manipulation;user interface;withdrawal restrictions;educational resources,user interface for its simplicity;educational resources;instant deposits,market manipulation during high-profile stock events;withdrawal restrictions;customer service's;reliable crypto trading during peak times;deposit issues,,3,5,0,8,0.09090909090909091,99,88
robinhood,3,"Robinhood's user interface is lauded for ease of use, while its educational resources help demystify investing. However, users report glitches and execution delays that hinder timely trades, intensifying during market volatility and raising accusations of market manipulation. Withdrawal and deposit issues persist, with users feeling hamstrung by restrictions and slow fund transfers. Customer service is criticized for not resolving these urgent financial concerns effectively. Options trading is available but marred by the app's instability, especially during critical trading windows, detracting from the benefits of instant deposits and crypto trading features.",glitches;execution delays;options trading,user interface is lauded for ease of use;educational resources;Options trading;instant deposits;crypto trading,Withdrawal;deposit issues;Customer service;glitches;execution delays,,5,5,0,10,0.1111111111111111,103,90
robinhood,4,"The sleek Robinhood interface and educational tools empower users, yet account restrictions without clear justification frustrate many. Glitches and execution delays disrupt options trading and raise doubts about platform reliability during market surges. Users decry opaque transaction transparency, feeling misled by unexpected market manipulation tactics. Withdrawal and deposit issues coupled with unhelpful customer service exacerbate concerns over accessing and controlling funds. Despite the allure of instant deposits and crypto trading, the app's performance inconsistencies during pivotal moments undermine user trust and the overall trading experience.",account restrictions;platform reliability;transaction transparency,sleek Robinhood interface;educational tools;instant deposits;crypto trading,account restrictions without clear justification;opaque transaction transparency;Withdrawal;deposit issues;customer service;Glitches;execution delays;options trading,,4,8,0,12,0.1411764705882353,94,85
robinhood,5,"Robinhood's intuitive interface and educational content are overshadowed by lawsuits alleging market manipulation and data security concerns. Users face account restrictions and platform reliability issues, leading to potential investment loss during critical periods. Glitches affect options trading, while poor transaction transparency and execution delays suggest a lack of commitment to a fair trading environment. Persistent withdrawal and deposit problems, combined with inadequate customer service responses, fuel user frustration. Instant deposits and crypto trading fail to compensate for the risk of using an app whose stability is questioned at crucial times.",lawsuits;data security concerns;investment loss,intuitive interface;educational content,lawsuits alleging market manipulation;data security concerns.;account restrictions;Glitches affect options trading;withdrawal;deposit;customer service;Instant deposits;crypto trading;investment loss during critical periods;execution delays;transaction transparency,,2,12,0,14,0.15555555555555556,100,90
acorn,1,"The Acorns app, designed to assist users in saving and investing with ease, has garnered a variety of responses. Some users express satisfaction with the app's ability to automate savings and investments, highlighting features like round-ups and recurring investments. However, others have encountered issues, particularly with customer service responsiveness and the complexity of the withdrawal process. A notable concern among users is the subscription fees, which some feel are too high relative to the investment returns they are seeing. Additionally, there are reports of difficulties in canceling subscriptions and accessing funds in a timely manner.",customer service;subscription fees;withdrawal process;investment returns,round-ups;recurring investments;ability to automate savings and investments,customer service;withdrawal process;subscription fees;investment returns;canceling subscriptions;accessing funds in a timely manner,,3,6,0,9,0.09375,108,96
acorn,2,"Users report mixed experiences with Acorns, citing its investment automation as beneficial but marred by problematic customer service and a cumbersome withdrawal process. Subscription fees are criticized for diminishing investment returns, and account locking issues have caused significant inconvenience. The referral bonus program has also been a source of frustration, with users feeling misled when promised bonuses are not received. Security concerns arise from the app's request for sensitive financial documents, and some users find the app's interface navigation to be less intuitive than desired.",account locking;referral bonus;security concerns;interface navigation,investment automation,customer service;withdrawal process;Subscription fees;investment returns;account locking issues;referral bonus program;app's request for sensitive financial documents;app's interface navigation to be less intuitive,,1,8,0,9,0.10588235294117647,95,85
acorn,3,"Acorns' automated investment feature is praised, yet offset by poor customer service, high subscription fees, and a slow withdrawal process. Users are frustrated with account lockouts and feel cheated by unfulfilled referral bonuses. Security is questioned when sensitive data is requested, and navigating the app interface proves challenging for some. Unauthorized charges have led to distrust, with users struggling to cancel subscriptions due to app glitches. Additionally, there's a desire for more investment control within the app.",unauthorized charges;app glitches;investment control,automated investment feature,"customer service,;subscription fees;withdrawal process;account lockouts;referral bonuses;sensitive data is requested;navigating the app interface;Unauthorized charges;cancel subscriptions",,1,9,0,10,0.12987012987012986,90,77
acorn,4,"Acorns is commended for its round-up feature but criticized for poor customer service, steep subscription fees, and a sluggish withdrawal process. Users report unauthorized charges and deceptive referral bonuses, compounded by security worries over requested financial data. The app's interface is non-intuitive, and glitches hinder subscription cancellation. Lack of investment control frustrates users seeking more agency. Tax document delays cause additional inconvenience, and difficulties in closing accounts add to user grievances.",tax document delays;round-up feature;account closure difficulty,round-up feature,customer service;subscription fees;withdrawal process;unauthorized charges;referral bonuses;security worries over requested financial data;glitches hinder subscription cancellation;Tax document delays;closing accounts;app's interface is non-intuitive,,1,10,0,11,0.1506849315068493,82,73
acorn,5,"Acorns' round-up savings and investment feature receives mixed reviews due to poor customer support communication, excessive subscription fees, delayed withdrawals, and unauthorized charges. Users feel misled by the referral bonus program and have security concerns over data requests. The app's interface is criticized for being non-intuitive, with glitches complicating account closure. Limited investment portfolio options restrict user control over funds. Tax document issuance delays and challenges in account closure further frustrate customers.",customer support communication;investment portfolio options,round-up savings and investment feature,poor customer support communication;subscription fees;withdrawals;unauthorized charges;referral bonus program;security concerns over data requests;app's interface is criticized for being non-intuitive;Limited investment portfolio options;Tax document issuance delays;glitches complicating account closure,,1,10,0,11,0.14864864864864866,83,74
calm,1,"The Calm app, designed to assist with anxiety and sleep troubles, has garnered feedback highlighting the high subscription cost as a significant barrier, particularly given its target audience's need for such a service. Users express disappointment that sleep stories, a key feature for relaxation and sleep induction, are locked behind a paywall. While some find anxiety relief through the app's offerings, there are critiques about the user interface being cumbersome and not intuitive, potentially adding to the stress it aims to alleviate. The price point is especially contentious, with suggestions for a more accessible tier or one-time purchase option.",subscription cost;sleep stories;anxiety relief;user interface,anxiety relief through the app's offerings,"subscription cost;user interface being cumbersome and not intuitive,;sleep stories, a key feature for relaxation and sleep induction, are locked behind a paywall.",suggestions for a more accessible tier or one-time purchase option.,1,3,1,5,0.05,113,100
calm,2,"Users appreciate the Calm app's potential for anxiety relief and enjoy its sleep stories but are frustrated by the costly subscription and lack of free content. The soundscapes are praised for their quality, yet access is restricted, compounding users' stress instead of easing it. Payment issues have caused discontent, with some users charged despite attempts to cancel, reflecting poorly on customer service. Moreover, while meditation guidance is valued, the desire for more diverse and free options is evident, suggesting a need for a more user-friendly approach to pricing and content availability.",free content;soundscapes;payment issues;meditation guidance,meditation guidance is valued;potential for anxiety relief;enjoy its sleep stories,"costly subscription;lack of free content;soundscapes are praised for their quality, yet access is restricted;charged despite attempts to cancel;customer service",desire for more diverse and free options,3,5,1,9,0.09782608695652174,104,92
calm,3,"Calm's sleep stories and soundscapes offer mental health support, yet the high subscription fee limits access to its full benefits, including celebrity narrators. Users seeking free content find scant options, with even basic ambient noise behind a paywall. The children's content receives mixed reviews; some stories are criticized for introducing complex themes. Issues with payments persist, as users report being charged after cancellation attempts. While meditation guidance aids anxiety relief, calls for more inclusive free guidance suggest a need for improved service and affordability.",celebrity narrators;children's content;mental health support;ambient noise,meditation guidance aids anxiety relief;sleep stories;soundscapes,"subscription fee;limits access to its full benefits, including celebrity narrators;free content;ambient noise;children's content;users report being charged after cancellation attempts.",calls for more inclusive free guidance,3,6,1,10,0.11904761904761904,97,84
calm,4,"The Calm app's premium features like celebrity-narrated sleep stories and diverse content aid in mental health support but are often inaccessible due to high costs. Limited free content and locked ambient noise frustrate users seeking relaxation without financial strain. Breathing exercises are highlighted as beneficial, yet the overall user experience is marred by poor customer service related to payment disputes. While the app provides valuable meditation guidance and anxiety relief, the need for more accessible options remains clear.",diverse content;customer service;breathing exercises;premium features,Breathing exercises;celebrity-narrated sleep stories;diverse content aid in mental health support;meditation guidance;anxiety relief,inaccessible due to high costs;Limited free content;locked ambient noise;customer service,need for more accessible options,5,4,1,10,0.12658227848101267,85,79
calm,5,"Calm's sound quality and narration style in sleep stories are well-regarded, yet the restrictive payment model hinders many from experiencing the app's full range of mental health benefits. The lack of diverse and free content alongside premium features leaves users desiring more variety without financial commitment. Breathing exercises stand out as a positive aspect; however, customer service issues regarding payments detract from the app's value. Calls for a more equitable access model to support broader user needs for meditation guidance and anxiety relief are consistent.",sound quality;narration style;payment model;content variety,Breathing exercises;sound quality;narration style in sleep stories,restrictive payment model;customer service;lack of diverse;free content alongside premium features,Calls for a more equitable access model,3,4,1,8,0.09302325581395349,95,86
headspace,1,"The Headspace app, designed to assist with meditation and sleep, has been met with mixed reactions. Users who have meditated for years find value in the app, noting its broad range of options and human interaction through virtual environments. However, some express dissatisfaction with the subscription cost, feeling it's too high for the value provided. Additionally, there are complaints about navigational issues within the app, making it hard to locate desired content. A significant portion of content is locked behind a paywall, frustrating users who expect more free features. Customer service also receives criticism for not addressing subscription cancellation and refund requests promptly.",subscription cost;navigational issues;content lock;customer service,,subscription cost;navigational issues within the app;content is locked behind a paywall;Customer service;subscription cancellation;refund requests,,0,6,0,6,0.05825242718446602,118,103
headspace,2,"Headspace's subscription model and cost are a barrier for many, with users feeling trapped by the free trial that leads to automatic charges. Navigational difficulties hinder access to meditation content, which is largely locked unless paid for, leaving users wanting more free options. The inclusion of political content in meditations has led to dissatisfaction among users seeking neutral mindfulness exercises. Data privacy concerns are raised, as the app collects extensive user information. Customer service is criticized for not facilitating easy subscription cancellations or addressing users' financial concerns effectively, adding to the frustration.",free trial trap;political content;data privacy concerns;lack of free content,,"subscription model and cost;Navigational difficulties hinder access to meditation content;meditation content, which is largely locked unless paid;inclusion of political content in meditations;collects extensive user information;Customer service;subscription cancellations",,0,7,0,7,0.07608695652173914,104,92
headspace,3,"Users report payment issues with Headspace's trial leading to unwanted charges, and misleading cancellation processes contribute to negative experiences. The app's political content and data privacy concerns deter users seeking apolitical mental wellness tools. In-app distractions from pop-ups and promotions disrupt the meditation experience. Content is mostly behind a paywall, with limited free sessions available, disappointing those unable to afford the subscription. Customer service's handling of payment disputes and refund requests is inadequate. Additionally, users desire longer session options for deeper meditation practices.",payment issues;misleading cancellation;in-app distractions;limited session options,,unwanted charges;cancellation processes;political content;data privacy;Content is mostly behind a paywall;limited free sessions available;Customer service's;In-app distractions from pop-ups and promotions,desire longer session options for deeper meditation practices,0,8,1,9,0.10588235294117647,96,85
headspace,4,"Headspace's UI complexity complicates finding specific meditations, and while diverse content exists, it's often behind a paywall, with limited free access. Users feel misled by free trials that result in difficult-to-cancel subscriptions and unexpected charges. Ads and promotions within the app interrupt the intended peaceful experience. Payment and refund issues persist, with customer service providing little resolution. Data privacy is a concern due to extensive tracking. Political content inclusion and platform exclusivity—limiting certain features to specific devices—frustrate users seeking a simple, inclusive meditation practice.",UI complexity;content diversity;ads interruption;platform exclusivity,,"UI complexity;diverse content exists, it's often behind a paywall;Ads and promotions within the app;customer service;Payment and refund issues;concern due to extensive tracking;Political content inclusion;platform exclusivity—limiting certain features to specific devices;difficult-to-cancel subscriptions;unexpected charges",,0,10,0,10,0.11627906976744186,97,86
headspace,5,"Headspace's user interface design and device compatibility issues create barriers to accessing a variety of high-quality meditation content. The app's focus on subscription revenue leads to locked content and free trial traps, causing payment disputes poorly handled by customer service. In-app ads and unnecessary distractions diminish the meditation experience. Data privacy concerns arise from aggressive user tracking, while political content alienates users seeking neutrality. Despite these issues, some users appreciate the app's potential for diverse content and its ability to aid in sleep and stress reduction.",user interface design;device compatibility;content quality;meditation variety,users appreciate the app's potential for diverse content;aid in sleep and stress reduction,user interface design;device compatibility issues;locked content;free trial traps;customer service;In-app ads and unnecessary distractions;aggressive user tracking;political content,,2,8,0,10,0.11363636363636363,97,88
uber,1,"This application, which is designed to facilitate the transportation needs of its users, has been the subject of various discussions. Some users have pointed out that the app experiences glitches that can be quite inconvenient. There are also mentions of drivers cancelling rides unexpectedly, which can lead to frustration and potential delays for the users. Furthermore, there have been instances where users feel they have been overcharged, adding to the dissatisfaction with the service provided. Lastly, the customer service aspect of the app has been criticized for not being as responsive or helpful as users would expect, leading to a less than satisfactory resolution of their issues.",app glitches;driver cancellations;overcharging;customer service,,drivers cancelling rides;overcharged;customer service;app experiences glitches,,0,4,0,4,0.037383177570093455,119,107
uber,2,"Users have reported that the app often has glitches and drivers frequently cancel rides without warning, causing inconvenience and overcharging issues. The surge pricing model has led to further dissatisfaction, with fares sometimes increasing unexpectedly during high-demand periods. Safety concerns have been raised, with some users feeling uneasy due to driver behavior or the condition of the vehicles. Additionally, the availability of rides has been inconsistent, with some users experiencing long wait times. Customer service has been noted as unhelpful, failing to adequately address these varied issues.",surge pricing;safety concerns;driver behavior;ride availability,,app often has glitches;drivers frequently cancel rides without warning;surge pricing model;driver behavior;condition of the vehicles;availability of rides;Customer service;long wait times;overcharging issues,,0,9,0,9,0.10227272727272728,98,88
uber,3,"The app's performance is marred by glitches and navigation errors leading to wrong pickup locations. Driver cancellations and surge pricing contribute to unreliable ride availability and overcharging, exacerbating user frustration. Safety concerns and cleanliness of vehicles are notable, impacting user comfort and trust. Payment problems and account issues, such as unauthorized charges or difficulty updating information, complicate the user experience. Inadequate customer service fails to resolve these issues effectively, diminishing overall satisfaction with the app.",navigation errors;account issues;payment problems;cleanliness,,glitches;navigation errors;Driver cancellations;surge pricing;ride availability;overcharging;cleanliness of vehicles;unauthorized charges;difficulty updating information;customer service;Safety concerns,,0,11,0,11,0.14666666666666667,86,75
uber,4,"App glitches, navigation errors, and driver cancellations disrupt service reliability, while surge pricing and overcharging raise cost concerns. Users report safety issues and variable ride comfort due to vehicle cleanliness and driver behavior. Payment problems, including difficulties with refunds and tip expectations, along with account management issues, create financial frustrations. The qualifications of drivers are questioned, affecting perceived safety and professionalism. Customer service's inability to address these concerns leaves users seeking better resolutions.",refund policy;tip expectation;driver qualifications;ride comfort,,"App glitches;navigation errors,;driver cancellations;surge pricing;overcharging;vehicle cleanliness;driver behavior;difficulties with refunds;tip expectations;qualifications of drivers;Customer service's;account management issues",,0,12,0,12,0.1643835616438356,86,73
uber,5,"Users encounter app glitches and navigation errors that lead to incorrect pickups, compounded by driver cancellations and communication issues. Surge pricing and overcharging affect affordability, while long wait times and inconsistent ride availability frustrate users. Safety concerns are magnified by driver qualifications and vehicle quality. Payment problems, including refund policy confusion and tip expectations, add to financial grievances. App updates often fail to improve user experience. Poor customer service and unaddressed ride comfort issues result in overall dissatisfaction.",driver communication;wait times;app updates;vehicle quality,,app glitches;navigation errors;driver cancellations;Surge pricing;overcharging;long wait times;ride availability;driver qualifications;vehicle quality;refund policy confusion;tip expectations;App updates;customer service;communication issues;Safety concerns,,0,15,0,15,0.19230769230769232,88,78
lyft,1,"The Lyft app, which is designed to facilitate the booking of rides for users, has been noted to have a few operational challenges that affect its efficacy. Users have reported instances of price surge, where the cost of a ride unexpectedly increases, sometimes even during the ride itself. Additionally, there are mentions of driver cancellations, which can lead to delays and inconvenience for the users. The customer service aspect of the app has also been criticized, with users finding it difficult to resolve issues effectively. Moreover, some users have encountered account issues, such as being overcharged or having problems with payment methods.",price surge;driver cancellations;customer service;account issues,,price surge;driver cancellations;customer service;overcharged;problems with payment methods,,0,5,0,5,0.049019607843137254,116,102
lyft,2,"Lyft users frequently encounter price surges and unexpected driver cancellations, leading to frustration and delays. Compounding these issues are GPS inaccuracies within the app, causing confusion for both drivers and passengers. Safety concerns have been raised, particularly regarding driver behavior and the company's response to incidents. Furthermore, the availability of rides, especially during peak hours or in certain areas, is a significant concern for users who rely on Lyft for timely transportation. Customer service and account issues, such as overcharging and payment discrepancies, add to the challenges faced by users.",GPS inaccuracies;safety concerns;ride availability,,"price surges;driver cancellations;GPS inaccuracies within the app;driver behavior;company's response to incidents;availability of rides, especially during peak hours or in certain areas;Customer service;overcharging;payment discrepancies;Safety concerns",,0,10,0,10,0.1111111111111111,104,90
lyft,3,"Lyft's operational challenges include frequent price surges, driver cancellations without proper recourse, and GPS inaccuracies leading to wrong pickups. Users express safety concerns and dissatisfaction with the quality of some drivers, impacting their overall experience. The app's reliability is questioned due to glitches that further disrupt service. Ride availability remains inconsistent, with users noting difficulty in finding rides when needed. Customer service has been criticized for not adequately addressing issues like refunds for canceled rides or overcharges, adding to user grievances.",refund difficulties;driver quality;app glitches,,price surges;driver cancellations;GPS inaccuracies;quality of some drivers;app's reliability is questioned due to glitches;Ride availability;Customer service;refunds for canceled rides;overcharges;safety concerns,,0,10,0,10,0.12345679012345678,93,81
lyft,4,"Lyft faces critical feedback on price surges, driver cancellations, GPS inaccuracies, and app glitches that hinder user experience. Issues with payment processing exacerbate frustrations, particularly when dealing with refunds and overcharges. The quality of drivers varies, with some lacking navigation skills, leading to safety concerns and reduced satisfaction. Users compare Lyft unfavorably to other ride-sharing services in terms of availability and customer service responsiveness. Despite these challenges, Lyft remains a commonly used platform for its ride-booking services.",payment processing;driver navigation skills;ride-sharing comparison,commonly used platform for its ride-booking services,price surges;driver cancellations;GPS inaccuracies;app glitches;dealing with refunds;overcharges;availability;customer service;navigation skills;safety concerns,,1,10,0,11,0.13924050632911392,89,79
lyft,5,"Users report Lyft's price surges and driver cancellations as major setbacks, compounded by GPS inaccuracies and problematic app navigation. Payment processing issues cause distress, especially when refunds are delayed. Driver quality is inconsistent; professionalism and navigation skills vary greatly among drivers. Safety concerns persist alongside these service inconsistencies. During peak hours, Lyft's performance falters with ride availability often insufficient. Despite these issues, comparisons with other ride-sharing options show Lyft as a prevalent choice for its core ride-booking functionality.",app navigation;driver professionalism;peak hour performance,prevalent choice for its core ride-booking functionality,price surges;driver cancellations;GPS inaccuracies;app navigation;refunds;ride availability;Payment processing issues;professionalism;navigation skills;Safety concerns,,1,10,0,11,0.1375,91,80
